Inventarisnr.,Inv.srt,Omschrijving,Straat,Thv,X-Coord.,Y-Coord.,Deelgem.,Status,Mutdatum,Door user
FT1,FT,Fietstrommel,ESSENBURGSNGL,9,51.92293167,4.46130991,Delfshaven,A,19/05/2010,STREPE
FT10,FT,Fietstrommel,PANNEKOEKSTR,97,51.92206955,4.48883009,Centrum,A,07/06/2009,Conversie
FT100,FT,Fietstrommel,SCHIEKD,155,51.92634964,4.47619009,Noord,A,08/07/2010,BEHEER-STZ
FT101,FT,Fietstrommel,SCHIEKD,55,51.92972183,4.471380234,Noord,A,08/07/2010,BEHEER-STZ
FT102,FT,Fietstrommel,NOORDSNGL,72,51.93019867,4.478919983,Noord,A,08/07/2010,BEHEER-STZ
FT103,FT,Fietstrommel,SCHEPENSTR,48,51.93014908,4.466259956,Noord,A,08/07/2010,BEHEER-STZ
FT104,FT,Fietstrommel,SCHEPENSTR,34,51.93059921,4.466469765,Noord,A,08/07/2010,BEHEER-STZ
FT105,FT,Fietstrommel,S GRAVENDYKWAL,24,51.91860962,4.463260174,Centrum,A,08/07/2010,BEHEER-STZ
FT106,FT,Fietstrommel,K BAJONETSTR,4,51.91849136,4.464799881,Centrum,A,08/07/2010,BEHEER-STZ
FT107,FT,Fietstrommel,BREITNERSTR,115,51.91304016,4.467279911,Centrum,A,20/04/2011,OOMEBE
FT108,FT,Fietstrommel,MAASKD,146,51.91186905,4.490469933,Feijenoord,A,08/07/2010,BEHEER-STZ
FT109,FT,Fietstrommel,AKELEISTR,17,51.92136002,4.463809967,Centrum,A,08/07/2010,BEHEER-STZ
FT11,FT,Fietstrommel,KORTENAERSTR,1,51.91389084,4.478149891,Centrum,A,07/06/2009,Conversie
FT110,FT,Fietstrommel,ROCHUSSENSTR,105,51.91262817,4.466289997,Centrum,A,08/07/2010,BEHEER-STZ
FT111,FT,Fietstrommel,W DE WITHHOF,4,51.91598892,4.479259968,Centrum,A,07/06/2009,Conversie
FT112,FT,Fietstrommel,ORCHIDEESTR,4,51.94322968,4.473919868,Hillegersberg,A,07/06/2009,Conversie
FT113,FT,Fietstrommel,SAENREDAMPLN,7,51.93852997,4.422210217,Overschie,A,08/07/2010,STREPE
FT114,FT,Fietstrommel,SAENREDAMPLN,7,51.93852997,4.42222023,Overschie,A,08/07/2010,BEHEER-STZ
FT115,FT,Fietstrommel,GR FLORISSTR,22,51.92086029,4.459169865,Delfshaven,A,08/07/2010,STREPE
FT116,FT,Fietstrommel,GR FLORISSTR,100,51.91913986,4.456970215,Delfshaven,A,16/07/2010,OOMEBE
FT117,FT,Fietstrommel,GR FLORISSTR,50,51.92021942,4.458360195,Delfshaven,A,07/06/2009,Conversie
FT118,FT,Fietstrommel,BEUKELSDK,14,51.92173004,4.459070206,Delfshaven,A,08/07/2010,BEHEER-STZ
FT119,FT,Fietstrommel,C DE VRIESELN,64,51.91563034,4.45953989,Delfshaven,A,07/06/2009,Conversie
FT12,FT,Fietstrommel,ENGELSESTR,135,51.91588974,4.417230129,Delfshaven,A,07/06/2009,Conversie
FT120,FT,Fietstrommel,MATHENESSERLN,244,51.91450119,4.461639881,Delfshaven,A,07/06/2009,Conversie
FT121,FT,Fietstrommel,MATHENESSERLN,362,51.91342163,4.45250988,Delfshaven,A,08/07/2010,STREPE
FT122,FT,Fietstrommel,SCHIETBAANLN,182,51.91566849,4.459300041,Delfshaven,A,08/07/2010,BEHEER-STZ
FT123,FT,Fietstrommel,V CITTERSSTR,44,51.91836929,4.446209908,Delfshaven,A,08/07/2010,BEHEER-STZ
FT124,FT,Fietstrommel,MATHENESSERLN,424,51.91419983,4.449440002,Delfshaven,A,08/07/2010,STREPE
FT125,FT,Fietstrommel,BURG MEINESZLN,9,51.9174881,4.45386982,Delfshaven,A,08/07/2010,BEHEER-STZ
FT126,FT,Fietstrommel,ESSENBURGSNGL,125,51.92129898,4.446499825,Delfshaven,A,08/07/2010,STREPE
FT127,FT,Fietstrommel,MATHENESSERDK,390,51.91167068,4.446829796,Delfshaven,A,08/07/2010,BEHEER-STZ
FT128,FT,Fietstrommel,STATIONSSNGL,,,,,A,08/07/2010,STREPE
FT129,FT,Fietstrommel,NOORDSNGL,146,51.93138123,4.475900173,Noord,A,08/07/2010,BEHEER-STZ
FT13,FT,Fietstrommel,ENGELSESTR,135,51.91588974,4.417240143,Delfshaven,A,07/06/2009,Conversie
FT130,FT,Fietstrommel,NOORDERHAVENKD,111,51.93309021,4.46036005,Noord,A,08/07/2010,STREPE
FT131,FT,Fietstrommel,NOORDERHAVENKD,113,51.93304825,4.460400105,Noord,A,08/07/2010,BEHEER-STZ
FT132,FT,Fietstrommel,LUMEYSTR,13,51.92781067,4.462790012,Noord,A,08/07/2010,STREPE
FT133,FT,Fietstrommel,BOISOTSTR,16,51.92773819,4.462749958,Noord,A,08/07/2010,BEHEER-STZ
FT134,FT,Fietstrommel,STATENSNGL,136,51.926651,4.456689835,Noord,A,08/07/2010,STREPE
FT135,FT,Fietstrommel,SCHIEBROEKSELN,54,51.93677139,4.475349903,Noord,A,08/07/2010,BEHEER-STZ
FT136,FT,Fietstrommel,SCHIEBROEKSELN,63,51.93632889,4.475689888,Noord,A,08/07/2010,STREPE
FT137,FT,Fietstrommel,PUTSELN,218,51.89741135,4.496399879,Feijenoord,A,08/07/2010,BEHEER-STZ
FT138,FT,Fietstrommel,DORDTSELN,92,51.89480972,4.494130135,Feijenoord,A,08/07/2010,STREPE
FT139,FT,Fietstrommel,PUTSEBOCHT,194,51.89268112,4.494649887,Feijenoord,A,10/08/2010,OOMEBE
FT14,FT,Fietstrommel,C DE VRIESELN,41,51.9164505,4.459209919,Delfshaven,A,06/07/2010,STREPE
FT140,FT,Fietstrommel,MAASKD,137,51.9120903,4.490839958,Feijenoord,A,08/07/2010,STREPE
FT141,FT,Fietstrommel,MAASKD,80,51.91442871,4.494780064,Feijenoord,A,08/07/2010,BEHEER-STZ
FT142,FT,Fietstrommel,MAASKD,137,51.9120903,4.490839958,Feijenoord,A,08/07/2010,STREPE
FT143,FT,Fietstrommel,MAASKD,102,51.9134903,4.493199825,Feijenoord,A,08/07/2010,BEHEER-STZ
FT144,FT,Fietstrommel,GOEDE HOOPSTR,40,51.89842987,4.49698019,Feijenoord,A,08/07/2010,STREPE
FT145,FT,Fietstrommel,DIERGAARDESNGL,90,51.92134094,4.469309807,Centrum,A,08/07/2010,BEHEER-STZ
FT146,FT,Fietstrommel,DIERGAARDESNGL,90,51.92134094,4.46931982,Centrum,A,08/07/2010,STREPE
FT147,FT,Fietstrommel,KRALINGSE PLASLN,91,51.9317894,4.508470058,Kralingen/Crooswijk,A,08/07/2010,BEHEER-STZ
FT148,FT,Fietstrommel,CROOSWYKSESNGL,16,51.92974091,4.489659786,Kralingen/Crooswijk,A,08/07/2010,STREPE
FT149,FT,Fietstrommel,JERICHOLN,81,51.93013,4.506299973,Kralingen/Crooswijk,A,08/07/2010,BEHEER-STZ
FT15,FT,Fietstrommel,C DE VRIESELN,41,51.9164505,4.459219933,Delfshaven,A,07/06/2009,Conversie
FT150,FT,Fietstrommel,1E JERICHOSTR,93,51.92967987,4.506490231,Kralingen/Crooswijk,A,08/07/2010,STREPE
FT151,FT,Fietstrommel,1E JERICHOSTR,91A,51.92964935,4.506609917,Kralingen/Crooswijk,A,08/07/2010,BEHEER-STZ
FT152,FT,Fietstrommel,DORPSWG,53,51.89007187,4.472430229,Charlois,A,08/07/2010,STREPE
FT153,FT,Fietstrommel,OOSTVOORNSESTR,9,51.89070892,4.468589783,Charlois,A,08/07/2010,BEHEER-STZ
FT154,FT,Fietstrommel,SAFTLEVENSTR,2,51.91334915,4.465499878,Centrum,A,08/07/2010,STREPE
FT155,FT,Fietstrommel,V BYLANDTPLAATS,36,51.91901016,4.476240158,Centrum,A,08/07/2010,BEHEER-STZ
FT156,FT,Fietstrommel,SCHEEPSTIMMERM LN,27,51.91025925,4.478020191,Centrum,A,08/07/2010,STREPE
FT157,FT,Fietstrommel,KORTENAERSTR,32,51.91352844,4.476719856,Centrum,A,08/07/2010,BEHEER-STZ
FT158,FT,Fietstrommel,VEERKD,5,51.90819168,4.479239941,Centrum,A,08/07/2010,STREPE
FT159,FT,Fietstrommel,VEERKD,5,51.90819168,4.479249954,Centrum,A,08/07/2010,BEHEER-STZ
FT16,FT,Fietstrommel,C DE VRIESELN,43,51.91638947,4.459209919,Delfshaven,A,07/06/2009,Conversie
FT160,FT,Fietstrommel,WESTERSTR,24,51.90943146,4.481709957,Centrum,A,08/07/2010,STREPE
FT161,FT,Fietstrommel,WYNHAVEN,19,51.91852188,4.49090004,Centrum,A,08/07/2010,BEHEER-STZ
FT162,FT,Fietstrommel,STATIONSSNGL,91,51.92594147,4.463940144,Noord,A,19/07/2011,OOMEBE
FT163,FT,Fietstrommel,WESTZEEDK,341,51.91072083,4.473810196,Centrum,A,16/09/2010,STREPE
FT164,FT,Fietstrommel,BLEKERSTR,8,51.91561127,4.481190205,Centrum,A,30/05/2012,OOMEBE
FT165,FT,Fietstrommel,GOUDSESNGL,266,51.92427826,4.489580154,Centrum,A,08/07/2010,BEHEER-STZ
FT166,FT,Fietstrommel,ORANJESTR,29,51.9428215,4.422770023,Overschie,A,08/07/2010,STREPE
FT167,FT,Fietstrommel,BREITNERSTR,17-A,51.91588974,4.470170021,Centrum,A,08/07/2010,BEHEER-STZ
FT168,FT,Fietstrommel,BREITNERSTR,17-A,51.91588974,4.470180035,Centrum,A,08/07/2010,STREPE
FT169,FT,Fietstrommel,ROCHUSSENSTR,29,51.91553879,4.470449924,Centrum,A,08/07/2010,BEHEER-STZ
FT17,FT,Fietstrommel,C DE VRIESELN,52,51.91595078,4.459499836,Delfshaven,A,07/06/2009,Conversie
FT170,FT,Fietstrommel,ROCHUSSENSTR,31,51.91547012,4.470369816,Centrum,A,08/07/2010,STREPE
FT171,FT,Fietstrommel,ROCHUSSENSTR,33,51.91539001,4.470290184,Centrum,A,08/07/2010,BEHEER-STZ
FT172,FT,Fietstrommel,ROCHUSSENSTR,35,51.91530991,4.470220089,Centrum,A,08/07/2010,STREPE
FT173,FT,Fietstrommel,KRALINGSE PLASLN,,,,Kralingen/Crooswijk,A,08/07/2010,BEHEER-STZ
FT174,FT,Fietstrommel,2E JERICHOSTR,15,51.9306488,4.507649899,Kralingen/Crooswijk,A,08/07/2010,STREPE
FT175,FT,Fietstrommel,2E JERICHOSTR,15,51.9306488,4.507659912,Kralingen/Crooswijk,A,08/07/2010,BEHEER-STZ
FT176,FT,Fietstrommel,JERICHOLN,95,51.92966843,4.506010056,Kralingen/Crooswijk,A,08/07/2010,STREPE
FT177,FT,Fietstrommel,WOLPHAERTSBOCHT,355,51.8924408,4.480649948,Charlois,A,08/07/2010,BEHEER-STZ
FT178,FT,Fietstrommel,MYNSHERENLN,123,51.89339828,4.490729809,Charlois,A,08/07/2010,STREPE
FT179,FT,Fietstrommel,BOERGOENSESTR,56,51.89257813,4.472899914,Charlois,A,08/07/2010,BEHEER-STZ
FT18,FT,Fietstrommel,PUTSEBOCHT,135A,51.89368057,4.49654007,Feijenoord,A,06/07/2010,STREPE
FT180,FT,Fietstrommel,STREVELSWG,134,51.88953018,4.500360012,Feijenoord,A,08/07/2010,STREPE
FT181,FT,Fietstrommel,RANDWG,106,51.89160919,4.513110161,Feijenoord,A,03/01/2012,OOMEBE
FT182,FT,Fietstrommel,RANDWG,136,51.89083099,4.51417017,Feijenoord,A,08/07/2010,STREPE
FT183,FT,Fietstrommel,HILLEDK,265,51.89857101,4.509339809,Feijenoord,A,08/07/2010,BEHEER-STZ
FT184,FT,Fietstrommel,VD TAKSTR,35,51.91437912,4.495610237,Feijenoord,A,08/07/2010,STREPE
FT185,FT,Fietstrommel,PR HENDRIKKD,114,51.91172028,4.493889809,Feijenoord,A,08/07/2010,BEHEER-STZ
FT186,FT,Fietstrommel,PR HENDRIKKD,114,51.91172028,4.493899822,Feijenoord,A,08/07/2010,STREPE
FT187,FT,Fietstrommel,PR HENDRIKKD,153,51.91028976,4.490859985,Feijenoord,A,08/07/2010,BEHEER-STZ
FT188,FT,Fietstrommel,BREITNERSTR,93,51.91436005,4.467160225,Centrum,A,08/07/2010,STREPE
FT189,FT,Fietstrommel,JACOBUSSTR,191,51.91764832,4.474090099,Centrum,A,08/07/2010,BEHEER-STZ
FT19,FT,Fietstrommel,W VARKENOORDSEWG,139,51.89622879,4.515399933,Feijenoord,A,08/07/2011,OOMEBE
FT190,FT,Fietstrommel,BAAN,50,51.91419983,4.480559826,Centrum,A,08/07/2010,STREPE
FT191,FT,Fietstrommel,BAAN,50,51.91419983,4.480559826,Centrum,P,03/08/2012,BRUIPE
FT192,FT,Fietstrommel,ST MARIASTR,114,51.91856003,4.468279839,Centrum,A,07/06/2009,Conversie
FT193,FT,Fietstrommel,V VOLLENHOVENSTR,34,51.91051102,4.47781992,Centrum,A,07/06/2009,Conversie
FT194,FT,Fietstrommel,HAAGSEVEER,94,51.92264938,4.481780052,Centrum,A,07/06/2009,Conversie
FT195,FT,Fietstrommel,STATENSNGL,177,51.92726135,4.456689835,Noord,A,07/06/2009,Conversie
FT196,FT,Fietstrommel,SCHEPENSTR,99,51.92731857,4.463180065,Noord,A,07/06/2009,Conversie
FT197,FT,Fietstrommel,SCHEPENSTR,99,51.92731857,4.463190079,Noord,A,08/07/2010,BEHEER-STZ
FT198,FT,Fietstrommel,BESEMERSTR,4,51.93336105,4.459889889,Noord,A,07/06/2009,Conversie
FT199,FT,Fietstrommel,BESEMERSTR,4,51.93336105,4.459899902,Noord,A,07/06/2009,Conversie
FT2,FT,Fietstrommel,ESSENBURGSNGL,8,51.92293167,4.461420059,Delfshaven,A,06/07/2010,STREPE
FT20,FT,Fietstrommel,BREEWG,16,51.89089966,4.518380165,Feijenoord,A,08/07/2011,OOMEBE
FT200,FT,Fietstrommel,BYLWERFFSTR,13,51.93260956,4.457640171,Noord,A,07/06/2009,Conversie
FT201,FT,Fietstrommel,BYLWERFFSTR,33,51.93199921,4.455770016,Noord,A,07/06/2009,Conversie
FT202,FT,Fietstrommel,BYLWERFFSTR,45,51.93173981,4.454949856,Noord,A,13/07/2010,STREPE
FT203,FT,Fietstrommel,VROESENLN,54,51.93013,4.456679821,Noord,A,13/07/2010,STREPE
FT204,FT,Fietstrommel,VROESENLN,54,51.93013,4.456689835,Noord,A,07/06/2009,Conversie
FT205,FT,Fietstrommel,J V TROYENSTR,3,51.92901993,4.464590073,Noord,A,07/06/2009,Conversie
FT206,FT,Fietstrommel,SCHEPENSTR,76,51.92871857,4.465030193,Noord,A,07/06/2009,Conversie
FT207,FT,Fietstrommel,SCHEPENSTR,80,51.92856979,4.464829922,Noord,A,07/06/2009,Conversie
FT208,FT,Fietstrommel,BLOMMERSDYKSELN,35,51.93841171,4.480080128,Noord,A,07/06/2009,Conversie
FT209,FT,Fietstrommel,J CATSSTR,27,51.93394852,4.482530117,Noord,A,07/06/2009,Conversie
FT21,FT,Fietstrommel,ZESTIENHOVENSTR,34a,51.93447113,4.471869946,Noord,A,07/06/2009,Conversie
FT210,FT,Fietstrommel,V BEUNINGENSTR,9,51.92900848,4.457640171,Noord,A,26/04/2011,OOMEBE
FT211,FT,Fietstrommel,NOBELSTR,69,51.93325043,4.458159924,Noord,A,07/06/2009,Conversie
FT212,FT,Fietstrommel,NOBELSTR,69,51.93325043,4.458169937,Noord,A,07/06/2009,Conversie
FT213,FT,Fietstrommel,BERGSELN,295,51.93307877,4.463940144,Noord,A,13/07/2010,STREPE
FT214,FT,Fietstrommel,A KUYPERLN,80,51.93450928,4.463459969,Noord,A,30/05/2012,OOMEBE
FT215,FT,Fietstrommel,HEEMSTEESTR,111,51.93141937,4.472529888,Noord,A,13/07/2010,STREPE
FT216,FT,Fietstrommel,1E PYNACKERSTR,139,51.93291855,4.480400085,Noord,A,13/07/2010,STREPE
FT217,FT,Fietstrommel,BYLWERFFSTR,11,51.93265152,4.457759857,Noord,A,07/06/2009,Conversie
FT218,FT,Fietstrommel,VROESENLN,73-75,51.93128967,4.455339909,Noord,A,13/07/2010,STREPE
FT219,FT,Fietstrommel,BYLWERFFSTR,65,51.9317894,4.454909801,Noord,A,07/06/2009,Conversie
FT22,FT,Fietstrommel,OOSTMAASLN,125,51.91817856,4.511670113,Kralingen/Crooswijk,A,07/06/2009,Conversie
FT220,FT,Fietstrommel,SCHEPENSTR,108,51.92758942,4.463540077,Noord,A,07/06/2009,Conversie
FT221,FT,Fietstrommel,SCHIEKD,7,51.93078995,4.469639778,Noord,A,07/06/2009,Conversie
FT222,FT,Fietstrommel,SCHIEKD,7,51.93078995,4.469649792,Noord,A,07/06/2009,Conversie
FT223,FT,Fietstrommel,STATIONSSNGL,65,51.92541122,4.465159893,Noord,A,07/06/2009,Conversie
FT224,FT,Fietstrommel,DIERGAARDESNGL,55,51.92210007,4.467750072,Centrum,A,07/06/2009,Conversie
FT225,FT,Fietstrommel,S GRAVENDYKWAL,80,51.91611099,4.463019848,Centrum,A,13/07/2010,STREPE
FT226,FT,Fietstrommel,AEGIDIUSSTR,88,51.92398834,4.510640144,Kralingen/Crooswijk,A,07/06/2009,Conversie
FT227,FT,Fietstrommel,1E JERICHOSTR,76,51.92940903,4.507540226,Kralingen/Crooswijk,A,07/06/2009,Conversie
FT228,FT,Fietstrommel,MILLINXSTR,126,51.89115143,4.492939949,Charlois,A,13/07/2010,STREPE
FT229,FT,Fietstrommel,MYNSHERENLN,160,51.89184189,4.489729881,Charlois,A,13/07/2010,STREPE
FT23,FT,Fietstrommel,OOSTMAASLN,123,51.91817093,4.511740208,Kralingen/Crooswijk,A,07/06/2009,Conversie
FT230,FT,Fietstrommel,PR HENDRIKLN,38,51.91075897,4.490330219,Feijenoord,A,07/06/2009,Conversie
FT231,FT,Fietstrommel,VD TAKSTR,118,51.91386032,4.496669769,Feijenoord,A,07/06/2009,Conversie
FT232,FT,Fietstrommel,PERSOONSSTR,65,51.91027832,4.506690025,Feijenoord,A,13/07/2010,STREPE
FT233,FT,Fietstrommel,MILLINXSTR,110,51.89149094,4.492919922,Charlois,A,07/06/2009,Conversie
FT234,FT,Fietstrommel,MILLINXSTR,110,51.89149094,4.492929935,Charlois,A,07/06/2009,Conversie
FT235,FT,Fietstrommel,PR MAURITSSNGL,21,51.93785858,4.42414999,Overschie,A,07/06/2009,Conversie
FT236,FT,Fietstrommel,A CUYPSTR,2,51.93864822,4.426690102,Overschie,A,13/07/2010,STREPE
FT237,FT,Fietstrommel,DE LORMESTR,3,51.93991089,4.426780224,Overschie,A,07/06/2009,Conversie
FT238,FT,Fietstrommel,DE LORMESTR,3,51.93991089,4.426790237,Overschie,A,07/06/2009,Conversie
FT239,FT,Fietstrommel,BUTTERVLIETSTR,13,51.9358902,4.437039852,Overschie,A,13/07/2010,BEHEER-STZ
FT24,FT,Fietstrommel,OOSTMAASLN,123,51.91817093,4.511750221,Kralingen/Crooswijk,A,07/06/2009,Conversie
FT240,FT,Fietstrommel,SAENREDAMPLN,5,51.93849182,4.422110081,Overschie,A,13/07/2010,STREPE
FT241,FT,Fietstrommel,SAENREDAMPLN,5,51.93849182,4.422120094,Overschie,A,13/07/2010,BEHEER-STZ
FT242,FT,Fietstrommel,PROF BOLKLN,10,51.93746185,4.421840191,Overschie,A,07/06/2009,Conversie
FT243,FT,Fietstrommel,T JACOBALN,2,51.93637848,4.423220158,Overschie,A,07/06/2009,Conversie
FT244,FT,Fietstrommel,BURG BOSSTR,51,51.94316864,4.42648983,Overschie,A,07/06/2009,Conversie
FT245,FT,Fietstrommel,BURG BOSSTR,73,51.94266891,4.427299976,Overschie,A,07/06/2009,Conversie
FT246,FT,Fietstrommel,ZESTIENHOVENSEKD,5,51.94084167,4.422929764,Overschie,A,07/06/2009,Conversie
FT247,FT,Fietstrommel,P V ASCHSTR,45,51.93946838,4.424469948,Overschie,A,13/07/2010,BEHEER-STZ
FT248,FT,Fietstrommel,P V ASCHSTR,22,51.93959045,4.424769878,Overschie,A,07/06/2009,Conversie
FT249,FT,Fietstrommel,SCHIELN,23,51.94379044,4.421969891,Overschie,A,07/06/2009,Conversie
FT25,FT,Fietstrommel,BREITNERSTR,89 a,51.91410065,4.466969967,Centrum,A,07/06/2009,Conversie
FT250,FT,Fietstrommel,ZESTIENHOVENSEKD,250,51.93917847,4.43407011,Overschie  ,A,07/06/2009,Conversie
FT251,FT,Fietstrommel,CLEYBURCHSTR,48,51.93325043,4.454130173,Noord,A,13/07/2010,BEHEER-STZ
FT252,FT,Fietstrommel,VD DUSSENSTR,10,51.93104935,4.456580162,Noord,A,13/07/2010,STREPE
FT253,FT,Fietstrommel,VD DUSSENSTR,12,51.9310112,4.456439972,Noord,A,07/06/2009,Conversie
FT254,FT,Fietstrommel,BYLWERFFSTR,20,51.93244934,4.457129955,Noord,A,13/07/2010,STREPE
FT255,FT,Fietstrommel,SOURYSTR,50,51.93412018,4.458439827,Noord,A,07/06/2009,Conversie
FT256,FT,Fietstrommel,SOURYSTR,50,51.93412018,4.458449841,Noord,A,13/07/2010,STREPE
FT257,FT,Fietstrommel,NOORDERHAVENKD,31,51.93466949,4.458990097,Noord,A,07/06/2009,Conversie
FT258,FT,Fietstrommel,NOORDERHAVENKD,65,51.93392944,4.459630013,Noord,A,07/06/2009,Conversie
FT259,FT,Fietstrommel,SONMANSSTR,138,51.93249893,4.459899902,Noord,A,13/07/2010,BEHEER-STZ
FT26,FT,Fietstrommel,BREITNERSTR,109 c,51.91324997,4.467100143,Centrum,A,07/06/2009,Conversie
FT260,FT,Fietstrommel,SONMANSSTR,140,51.93246078,4.459929943,Noord,A,13/07/2010,STREPE
FT261,FT,Fietstrommel,NOBELSTR,101,51.93151855,4.459630013,Noord,A,13/07/2010,BEHEER-STZ
FT262,FT,Fietstrommel,DE KEMPENAERSTR,12,51.93532181,4.461939812,Noord,A,13/07/2010,STREPE
FT263,FT,Fietstrommel,LUZACSTR,2,51.935009,4.462920189,Noord,A,07/06/2009,Conversie
FT264,FT,Fietstrommel,KERDYKSTR,16,51.93326187,4.462729931,Noord,A,01/04/2011,franno
FT265,FT,Fietstrommel,BERGSELN,277,51.93357849,4.464690208,Noord,A,13/07/2010,BEHEER-STZ
FT266,FT,Fietstrommel,BERGSELN,305,51.93284988,4.463620186,Noord,A,13/07/2010,STREPE
FT267,FT,Fietstrommel,BERGSELN,338,51.93367004,4.465119839,Noord,A,07/06/2009,Conversie
FT268,FT,Fietstrommel,BERGSELN,364,51.93291092,4.464039803,Noord,A,13/07/2010,STREPE
FT269,FT,Fietstrommel,SCHIEWG,104,51.93281937,4.465990067,Noord,A,13/07/2010,BEHEER-STZ
FT27,FT,Fietstrommel,OCHTERVELTSTR,23,51.91362,4.466460228,Centrum,A,07/06/2009,Conversie
FT270,FT,Fietstrommel,SCHIEWG,117,51.93341827,4.465720177,Noord,A,07/06/2009,Conversie
FT271,FT,Fietstrommel,STADHOUDERSWG,86,51.93098068,4.460939884,Noord,A,13/07/2010,BEHEER-STZ
FT272,FT,Fietstrommel,NOLENSSTR,69,51.93006134,4.462830067,Noord,A,13/07/2010,STREPE
FT273,FT,Fietstrommel,NOLENSSTR,47,51.93062973,4.463829994,Noord,A,13/07/2010,BEHEER-STZ
FT274,FT,Fietstrommel,DOEZASTR,17,51.92858124,4.463399887,Noord,A,13/07/2010,STREPE
FT275,FT,Fietstrommel,STATENSNGL,48,51.92908859,4.462580204,Noord,A,13/07/2010,BEHEER-STZ
FT276,FT,Fietstrommel,STATENSNGL,48,51.92908859,4.462590218,Noord,A,13/07/2010,STREPE
FT277,FT,Fietstrommel,STATENSNGL,29,51.9301796,4.465720177,Noord,A,13/07/2010,BEHEER-STZ
FT278,FT,Fietstrommel,STATIONSSNGL,107,51.92631149,4.463459969,Noord,A,13/07/2010,STREPE
FT279,FT,Fietstrommel,STATIONSSNGL,97,51.92601013,4.463779926,Noord,A,13/07/2010,BEHEER-STZ
FT28,FT,Fietstrommel,OCHTERVELTSTR,48,51.91323853,4.465300083,Centrum,A,07/06/2009,Conversie
FT280,FT,Fietstrommel,KL COOLSTR,11,51.92692947,4.467030048,Noord,A,07/06/2009,Conversie
FT281,FT,Fietstrommel,SCHIEKD,764,51.92826843,4.474070072,Noord,A,13/07/2010,BEHEER-STZ
FT282,FT,Fietstrommel,SCHIEKD,42,51.93051147,4.470600128,Noord,A,13/07/2010,STREPE
FT283,FT,Fietstrommel,NOORDSNGL,160,51.93159103,4.475359917,Noord,A,13/07/2010,BEHEER-STZ
FT284,FT,Fietstrommel,BERGWG,270,51.93347168,4.473219872,Noord,A,07/06/2009,Conversie
FT285,FT,Fietstrommel,BERGWG,265,51.93434143,4.474520206,Noord,A,13/07/2010,BEHEER-STZ
FT286,FT,Fietstrommel,BESEMERSTR,12,51.93320084,4.459400177,Noord,A,13/07/2010,STREPE
FT287,FT,Fietstrommel,G SCHOLTENSTR,80,51.93418121,4.477670193,Noord,A,07/06/2009,Conversie
FT288,FT,Fietstrommel,WILLEBRORDUSSTR,168,51.93360138,4.471610069,Noord,A,07/06/2009,Conversie
FT289,FT,Fietstrommel,BERGSNGL,133,51.93320084,4.471389771,Noord,A,07/06/2009,Conversie
FT29,FT,Fietstrommel,ROCHUSSENSTR,101,51.91278839,4.466810226,Centrum,A,06/07/2010,STREPE
FT290,FT,Fietstrommel,DE S LOHMANLN,90,51.93611145,4.467450142,Noord,A,13/07/2010,STREPE
FT291,FT,Fietstrommel,BERGSNGL,96,51.93725967,4.469799995,Noord,A,07/06/2009,Conversie
FT292,FT,Fietstrommel,GORDELWG,133,51.93804169,4.465079784,Noord,A,13/07/2010,STREPE
FT293,FT,Fietstrommel,GORDELWG,133,51.93804169,4.465089798,Noord,A,07/06/2009,Conversie
FT294,FT,Fietstrommel,GORDELWG,133,51.93804169,4.465099812,Noord,A,13/07/2010,STREPE
FT295,FT,Fietstrommel,GORDELWG,123,51.93875885,4.467020035,Noord,A,13/07/2010,BEHEER-STZ
FT296,FT,Fietstrommel,GORDELWG,123,51.93875885,4.467030048,Noord,A,13/07/2010,STREPE
FT297,FT,Fietstrommel,GORDELWG,123,51.93875885,4.467040062,Noord,A,07/06/2009,Conversie
FT298,FT,Fietstrommel,BERKELSELN, 89/91,51.9375,4.470610142,Noord,A,07/06/2009,Conversie
FT299,FT,Fietstrommel,RODENRYSELN,37,51.93746948,4.470749855,Noord,A,13/07/2010,BEHEER-STZ
FT3,FT,Fietstrommel,ESSENBURGSNGL,15A,51.92287827,4.460649967,Delfshaven,A,06/07/2010,STREPE
FT30,FT,Fietstrommel,ROCHUSSENSTR,107,51.91254044,4.466030121,Centrum,A,07/06/2009,Conversie
FT300,FT,Fietstrommel,BERKELSELN,44,51.93777084,4.471789837,Noord,A,13/07/2010,STREPE
FT301,FT,Fietstrommel,GORDELWG,104,51.93938065,4.471210003,Noord,A,13/07/2010,BEHEER-STZ
FT302,FT,Fietstrommel,GORDELWG,104,51.93938065,4.471220016,Noord,A,07/06/2009,Conversie
FT303,FT,Fietstrommel,GORDELWG,104,51.93938065,4.47123003,Noord,A,07/06/2009,Conversie
FT304,FT,Fietstrommel,DELFGAAUWSTR,29,51.93896103,4.472740173,Noord,A,13/07/2010,STREPE
FT305,FT,Fietstrommel,RODENRYSELN,2,51.93511963,4.472799778,Noord,A,13/07/2010,BEHEER-STZ
FT306,FT,Fietstrommel,VRYENBANSESTR,17/29,51.93632126,4.473320007,Noord,A,13/07/2010,STREPE
FT307,FT,Fietstrommel,VRYENBANSESTR,17/29,51.93632126,4.473320007,Noord,A,07/06/2009,Conversie
FT308,FT,Fietstrommel,BERGSELN,126,51.93883896,4.474949837,Noord,A,13/07/2010,STREPE
FT309,FT,Fietstrommel,NOBELSTR,113,51.93193054,4.459310055,Noord,A,07/06/2009,Conversie
FT31,FT,Fietstrommel,BREITNERSTR,89 c,51.91418839,4.467030048,Centrum,A,07/06/2009,Conversie
FT310,FT,Fietstrommel,LISSTR,2,51.93886185,4.475699902,Noord,A,13/07/2010,STREPE
FT311,FT,Fietstrommel,ST AGATHASTR,9,51.93909836,4.476880074,Noord,A,13/07/2010,BEHEER-STZ
FT312,FT,Fietstrommel,WILLEBRORDUSPLN,23,51.93722916,4.477200031,Noord,A,13/07/2010,STREPE
FT313,FT,Fietstrommel,SOETENDAALSEWG,91,51.93928909,4.480669975,Noord,A,13/07/2010,BEHEER-STZ
FT314,FT,Fietstrommel,SOETENDAALSEWG,91,51.93928909,4.480669975,Noord,A,18/03/2011,OOMEBE
FT315,FT,Fietstrommel,BLOKLANDSTR,63,51.93611908,4.483530045,Noord,A,07/06/2009,Conversie
FT316,FT,Fietstrommel,BLOKLANDSTR,67,51.93616104,4.4833498,Noord,A,13/07/2010,STREPE
FT317,FT,Fietstrommel,J CATSSTR,45,51.93360138,4.482110023,Noord,A,07/06/2009,Conversie
FT318,FT,Fietstrommel,SCHEPENSTR,76,51.92871857,4.465030193,Noord,A,07/06/2009,Conversie
FT319,FT,Fietstrommel,SCHEPENSTR,76,51.92871857,4.465030193,Noord,A,07/06/2009,Conversie
FT32,FT,Fietstrommel,KR ELLEBOOG,35,51.91587067,4.476480007,Centrum,A,06/07/2010,STREPE
FT320,FT,Fietstrommel,OOSTZEEDK,163A,51.92232132,4.503509998,Kralingen/Crooswijk,A,13/07/2010,STREPE
FT321,FT,Fietstrommel,OOSTZEEDK,25,51.91873932,4.515729904,Kralingen/Crooswijk,A,13/07/2010,BEHEER-STZ
FT322,FT,Fietstrommel,OOSTMAASLN,127,51.91820145,4.511610031,Kralingen/Crooswijk,A,13/07/2010,STREPE
FT323,FT,Fietstrommel,OOSTMAASLN,127,51.91820145,4.511610031,Kralingen/Crooswijk,A,13/07/2010,BEHEER-STZ
FT324,FT,Fietstrommel,OOSTMAASSTR,5,51.92441177,4.509709835,Kralingen/Crooswijk,P,15/09/2010,STREPE
FT325,FT,Fietstrommel,VOORSCHOTERLN,45,51.92467117,4.513169765,Kralingen/Crooswijk,A,13/07/2010,BEHEER-STZ
FT326,FT,Fietstrommel,PLANTAGEWG,5,51.92922974,4.505129814,Kralingen/Crooswijk,A,13/07/2010,STREPE
FT327,FT,Fietstrommel,PLANTAGEWG,16,51.92850876,4.504670143,Kralingen/Crooswijk,A,13/07/2010,BEHEER-STZ
FT328,FT,Fietstrommel,PLANTAGEWG,17,51.9283905,4.504590034,Kralingen/Crooswijk,A,07/06/2009,Conversie
FT329,FT,Fietstrommel,PLANTAGEWG,27,51.92798996,4.504340172,Kralingen/Crooswijk,A,13/07/2010,BEHEER-STZ
FT33,FT,Fietstrommel,2E JERICHOSTR,4,51.93066025,4.507609844,Kralingen/Crooswijk,A,07/06/2009,Conversie
FT330,FT,Fietstrommel,PLANTAGEWG,35,51.92750931,4.504030228,Kralingen/Crooswijk,A,13/07/2010,STREPE
FT331,FT,Fietstrommel,RAMLEHWG,38,51.9302597,4.503719807,Kralingen/Crooswijk,A,07/06/2009,Conversie
FT332,FT,Fietstrommel,RAMLEHWG,30,51.93058014,4.503930092,Kralingen/Crooswijk,A,13/07/2010,STREPE
FT333,FT,Fietstrommel,2E WANDELO DWSTR,7,51.93767166,4.495120049,Kralingen/Crooswijk,A,13/07/2010,BEHEER-STZ
FT334,FT,Fietstrommel,KRALINGSE PLASLN,92,51.93181992,4.50838995,Kralingen/Crooswijk,A,13/07/2010,STREPE
FT335,FT,Fietstrommel,ROCHUSSENSTR,41,51.91508102,4.469979763,Centrum,A,13/07/2010,BEHEER-STZ
FT336,FT,Fietstrommel,DIERGAARDESNGL,19,51.92198944,4.466139793,Centrum,A,07/06/2009,Conversie
FT337,FT,Fietstrommel,BOOMPJES,55/56,51.91625977,4.489779949,Centrum,A,13/07/2010,BEHEER-STZ
FT338,FT,Fietstrommel,PARKSTR,10,51.90689087,4.475949764,Centrum,A,13/07/2010,STREPE
FT339,FT,Fietstrommel,ZALMHAVEN,19,51.91138077,4.4801898,Centrum,A,07/06/2009,Conversie
FT34,FT,Fietstrommel,BERGWG,285,51.93408966,4.47412014,Noord,A,07/06/2009,Conversie
FT340,FT,Fietstrommel,ZALMHAVEN,19,51.91138077,4.4801898,Centrum,A,07/06/2009,Conversie
FT341,FT,Fietstrommel,WESTERSTR,24,51.90943146,4.481709957,Centrum,A,07/06/2009,Conversie
FT342,FT,Fietstrommel,OOSTMAASSTR,5,51.92441177,4.509709835,Centrum,A,13/07/2010,STREPE
FT343,FT,Fietstrommel,KLEIWG,265,51.92670822,4.46585989,Hillegersberg,A,13/07/2010,BEHEER-STZ
FT344,FT,Fietstrommel,MAASSTR,4,51.90906906,4.480239868,Centrum,A,13/07/2010,STREPE
FT345,FT,Fietstrommel,MAASSTR,18,51.90856934,4.481369972,Centrum,A,13/07/2010,BEHEER-STZ
FT346,FT,Fietstrommel,HARINGVLIET,63,51.92065811,4.495600224,Centrum,A,13/07/2010,STREPE
FT347,FT,Fietstrommel,OPPERT,,,,Centrum,A,13/07/2010,BEHEER-STZ
FT348,FT,Fietstrommel,OPPERT,,,,Centrum,A,13/07/2010,STREPE
FT349,FT,Fietstrommel,MYNSHERENPLN,to 14,51.89542007,4.493289948,Charlois,A,18/01/2012,OOMEBE
FT35,FT,Fietstrommel,VD MEYDESTR,29,51.93069839,4.457320213,Noord,A,07/06/2009,Conversie
FT350,FT,Fietstrommel,MYNSHERENPLN,14,51.89542007,4.493289948,Charlois,A,18/01/2012,OOMEBE
FT351,FT,Fietstrommel,BOOMGAARDHOF,33,51.91735077,4.475810051,Centrum,A,13/07/2010,BEHEER-STZ
FT352,FT,Fietstrommel,SCHIEDAMSESNGL,193,51.91344833,4.479279995,Centrum,A,13/07/2010,STREPE
FT353,FT,Fietstrommel,KIPSTR,29,51.92309952,4.491670132,Centrum,A,13/07/2010,BEHEER-STZ
FT354,FT,Fietstrommel,SCHIEDAMSESNGL,191,51.9134903,4.479189873,Centrum,A,13/07/2010,STREPE
FT355,FT,Fietstrommel,BREITNERSTR,98,51.9131813,4.467160225,Centrum,A,07/06/2009,Conversie
FT356,FT,Fietstrommel,S GRAVENDYKWAL,26,51.91854095,4.463240147,Centrum,A,07/06/2009,Conversie
FT357,FT,Fietstrommel,PRINSENHOF,25,51.92325974,4.486869812,Centrum,A,13/07/2010,BEHEER-STZ
FT358,FT,Fietstrommel,ROCHUSSENSTR,78,51.91334152,4.467999935,Centrum,A,07/06/2009,Conversie
FT359,FT,Fietstrommel,STIELTJESSTR, 6e,51.91188812,4.498449802,Feijenoord,A,13/07/2010,BEHEER-STZ
FT36,FT,Fietstrommel,WALENBURGERWG,8,51.93062973,4.469250202,Noord,A,06/07/2010,STREPE
FT360,FT,Fietstrommel,STIELTJESPLN,6,51.91226959,4.499639988,Feijenoord,A,13/07/2010,STREPE
FT361,FT,Fietstrommel,DONKERSLOOTSTR,21,51.89398956,4.516129971,Feijenoord,A,13/07/2010,BEHEER-STZ
FT362,FT,Fietstrommel,L HILLEWG,229,51.89011002,4.496059895,Feijenoord,A,07/06/2009,Conversie
FT363,FT,Fietstrommel,RYTUIGWG,1,51.90563965,4.506259918,Feijenoord,A,13/07/2010,BEHEER-STZ
FT364,FT,Fietstrommel,RYTUIGWG,1,51.90563965,4.506259918,Feijenoord,A,07/06/2009,Conversie
FT365,FT,Fietstrommel,PRETORIALN,4,51.90182114,4.496940136,Feijenoord,A,13/07/2010,BEHEER-STZ
FT366,FT,Fietstrommel,W VARKENOORDSEWG,121,51.89035034,4.498040199,Feijenoord,A,17/11/2011,OOMEBE
FT367,FT,Fietstrommel,KATENDRECHTSELN,61,51.90044022,4.477719784,Feijenoord,A,13/07/2010,BEHEER-STZ
FT368,FT,Fietstrommel,ZWYNDRECHTSESTR,28,51.89345169,4.504710197,Feijenoord,A,07/06/2009,Conversie
FT369,FT,Fietstrommel,PUTSELN,240,51.89733124,4.49601984,Feijenoord,A,07/06/2009,Conversie
FT37,FT,Fietstrommel,C DE VRIESELN,30,51.91662979,4.459420204,Delfshaven,A,07/06/2009,Conversie
FT370,FT,Fietstrommel,GROENE HILLEDK,249,51.8906517,4.508130074,Feijenoord,A,13/07/2010,STREPE
FT371,FT,Fietstrommel,GROENE HILLEDK,249,51.8906517,4.508130074,Feijenoord,A,13/07/2010,BEHEER-STZ
FT372,FT,Fietstrommel,MAASKD,82,51.91434097,4.49462986,Feijenoord,A,07/06/2009,Conversie
FT373,FT,Fietstrommel,ROZEMARYNSTR,73,,,Feijenoord,P,08/07/2011,OOMEBE
FT374,FT,Fietstrommel,SLAGHEKSTR,99,51.89748001,4.509270191,Feijenoord,A,07/06/2009,Conversie
FT375,FT,Fietstrommel,RANDWG,79,51.89165878,4.512430191,Feijenoord,A,13/07/2010,BEHEER-STZ
FT376,FT,Fietstrommel,HILLEVLIET,68,51.89612961,4.505340099,Feijenoord,A,07/06/2009,Conversie
FT377,FT,Fietstrommel,DONKERSLOOTSTR,135,51.89149857,4.516860008,Feijenoord,A,13/07/2010,BEHEER-STZ
FT378,FT,Fietstrommel,BEYERLANDSELN,15,51.89891052,4.510340214,Feijenoord,A,13/07/2010,STREPE
FT379,FT,Fietstrommel,STREVELSWG,194,51.88946152,4.497889996,Feijenoord,A,13/07/2010,BEHEER-STZ
FT38,FT,Fietstrommel,R FRUINSTR,45,51.91492081,4.455920219,Delfshaven,A,07/06/2009,Conversie
FT380,FT,Fietstrommel,STREVELSWG,192,51.88946152,4.497970104,Feijenoord,A,13/07/2010,STREPE
FT381,FT,Fietstrommel,STREVELSWG,91,51.88961029,4.500360012,Feijenoord,A,14/07/2010,BEHEER-STZ
FT382,FT,Fietstrommel,SLEEPHELLINGSTR,12,51.91175842,4.491020203,Feijenoord,A,14/07/2010,STREPE
FT383,FT,Fietstrommel,MAASKD,82,51.91434097,4.49462986,Feijenoord,A,07/06/2009,Conversie
FT384,FT,Fietstrommel,MAASKD,155,51.91136169,4.4896698,Feijenoord,A,14/07/2010,STREPE
FT385,FT,Fietstrommel,MAASKD,158,51.91117859,4.489429951,Feijenoord,A,14/07/2010,BEHEER-STZ
FT386,FT,Fietstrommel,MAASKD,160,51.91104889,4.489280224,Feijenoord,A,07/06/2009,Conversie
FT387,FT,Fietstrommel,RANDWG,148,51.89067078,4.514389992,Feijenoord,A,14/07/2010,BEHEER-STZ
FT388,FT,Fietstrommel,PR HENDRIKLN,30,51.91093063,4.490620136,Feijenoord,A,14/07/2010,STREPE
FT389,FT,Fietstrommel,PR HENDRIKKD,89,51.91307831,4.494679928,Feijenoord,A,14/07/2010,BEHEER-STZ
FT39,FT,Fietstrommel,ZWAERDECROONSTR,20,51.91292953,4.462590218,Delfshaven,A,07/06/2009,Conversie
FT390,FT,Fietstrommel,PR HENDRIKKD,114,51.91172028,4.493889809,Feijenoord,A,14/07/2010,STREPE
FT391,FT,Fietstrommel,LANGENHORST,255,51.87485123,4.494279861,Charlois,A,14/07/2010,BEHEER-STZ
FT392,FT,Fietstrommel,MOERKERKESTR,55,51.89284134,4.492249966,Charlois,A,14/07/2010,STREPE
FT393,FT,Fietstrommel,GRUTTOSTR,55,51.88856125,4.469810009,Charlois,A,14/07/2010,BEHEER-STZ
FT394,FT,Fietstrommel,GEERVLIETSTR,9,51.89511871,4.489459991,Charlois,A,14/07/2010,STREPE
FT395,FT,Fietstrommel,WEVERSHOEKSTR,37,51.88978958,4.492599964,Charlois,A,14/07/2010,BEHEER-STZ
FT396,FT,Fietstrommel,BOERGOENSESTR,66,51.8925209,4.472569942,Charlois,A,14/07/2010,STREPE
FT397,FT,Fietstrommel,ZEGENSTR,89,51.88800812,4.467830181,Charlois,A,14/07/2010,BEHEER-STZ
FT398,FT,Fietstrommel,DAWESWG,20,51.96221161,4.543930054,Omoord,A,14/07/2010,STREPE
FT399,FT,Fietstrommel,SCHIELN,23,51.94379044,4.421969891,Overschie,A,14/07/2010,BEHEER-STZ
FT4,FT,Fietstrommel,ESSENBURGSNGL,16B,51.92287064,4.460539818,Delfshaven,A,06/07/2010,STREPE
FT40,FT,Fietstrommel,SCHIETBAANLN,128,51.91567993,4.45581007,Delfshaven,A,07/06/2009,Conversie
FT400,FT,Fietstrommel,J LIGTHARTSTR,61,51.88573074,4.497039795,Feijenoord,A,14/07/2010,STREPE
FT401,FT,Fietstrommel,YSCLUBSTR,69,51.92897034,4.506840229,Kralingen/Crooswijk,A,14/07/2010,BEHEER-STZ
FT402,FT,Fietstrommel,2E JERICHOSTR,11,51.93146133,4.506330013,Kralingen/Crooswijk,A,26/07/2011,OOMEBE
FT403,FT,Fietstrommel,ESSENLN,16,51.92287064,4.460539818,Kralingen/Crooswijk,A,14/07/2010,BEHEER-STZ
FT404,FT,Fietstrommel,TAXUSSTR,3b,51.93064117,4.506549835,Kralingen/Crooswijk,A,14/07/2010,STREPE
FT405,FT,Fietstrommel,R BAELDESTR,62,51.92416,4.505060196,Kralingen/Crooswijk,A,07/06/2009,Conversie
FT406,FT,Fietstrommel,GOUDSE RYWG,701,51.92808914,4.489039898,Kralingen/Crooswijk,A,14/07/2010,STREPE
FT407,FT,Fietstrommel,P POTTERSTR,30,51.92401886,4.50865984,Kralingen/Crooswijk,A,14/07/2010,BEHEER-STZ
FT408,FT,Fietstrommel,TAXUSSTR,3b,51.93064117,4.506549835,Kralingen/Crooswijk,A,14/07/2010,STREPE
FT409,FT,Fietstrommel,NOORDERHAVENKD,65,51.93392944,4.459630013,Noord,A,14/07/2010,BEHEER-STZ
FT41,FT,Fietstrommel,W BUYTEWECHSTR,120,51.90665054,4.457439899,Delfshaven,A,07/06/2009,Conversie
FT410,FT,Fietstrommel,2E JERICHOSTR,15 B,51.9306488,4.507649899,Kralingen/Crooswijk,A,07/06/2009,Conversie
FT411,FT,Fietstrommel,ZUIDHOEK,76,,,Charlois,A,14/07/2010,BEHEER-STZ
FT412,FT,Fietstrommel,ZUIDHOEK,269,,,Charlois,A,14/07/2010,STREPE
FT413,FT,Fietstrommel,JERICHOLN,63,51.93080902,4.506750107,Kralingen/Crooswijk,A,14/07/2010,BEHEER-STZ
FT414,FT,Fietstrommel,JERICHOLN,63,51.93080902,4.506750107,Kralingen/Crooswijk,A,14/07/2010,STREPE
FT415,FT,Fietstrommel,STATENSNGL,136,51.926651,4.456689835,Noord,A,14/07/2010,BEHEER-STZ
FT416,FT,Fietstrommel,LUZACSTR,16,51.93484116,4.462389946,Noord,A,14/07/2010,STREPE
FT417,FT,Fietstrommel,BORSELAARSTR,19,51.89213943,4.492030144,Charlois,A,26/01/2012,OOMEBE
FT418,FT,Fietstrommel,AMELANDSEPLN,20,51.88740158,4.483719826,Charlois,A,07/06/2009,Conversie
FT419,FT,Fietstrommel,PLEINWG,197,51.89197159,4.477980137,Charlois,A,07/06/2009,Conversie
FT42,FT,Fietstrommel,W BUYTEWECHSTR,227,51.90737915,4.451980114,Delfshaven,A,07/06/2009,Conversie
FT420,FT,Fietstrommel,BERGSELN,76,51.93917084,4.476429939,Noord,A,14/07/2010,STREPE
FT421,FT,Fietstrommel,SONMANSSTR,138,51.93249893,4.459899902,Noord,A,14/07/2010,BEHEER-STZ
FT422,FT,Fietstrommel,SOURYSTR,50,51.93412018,4.458449841,Noord,A,14/07/2010,STREPE
FT423,FT,Fietstrommel,WILLEBRORDUSPLN,23,51.93722916,4.477200031,Noord,A,14/07/2010,BEHEER-STZ
FT424,FT,Fietstrommel,ZESTIENHOVENSEKD,5,51.94084167,4.422929764,Overschie,A,07/06/2009,Conversie
FT425,FT,Fietstrommel,BERGSE R ROTTEKD,hoek Prins Bernhard,51.94585037,4.489580154,Hillegersberg,A,14/07/2010,BEHEER-STZ
FT426,FT,Fietstrommel,PR MARGRIETLN,8,51.94675064,4.48611021,Hillegersberg,A,07/06/2009,Conversie
FT427,FT,Fietstrommel,BYLWERFFSTR,26 hoek statenweg,51.93215942,4.456299782,Noord,A,14/07/2010,BEHEER-STZ
FT428,FT,Fietstrommel,DORDTSELN,66,51.89561081,4.494540215,Feijenoord,A,14/07/2010,STREPE
FT429,FT,Fietstrommel,SCHALEKAMPPLN,onder Metrostation 25,51.88505173,4.381559849,Pernis,A,14/07/2010,BEHEER-STZ
FT43,FT,Fietstrommel,W BUYTEWECHSTR,213,51.90719986,4.453340054,Delfshaven,A,07/06/2009,Conversie
FT430,FT,Fietstrommel,SCHALEKAMPPLN,onder Metrostation 25,51.88505173,4.381559849,Pernis,A,14/07/2010,STREPE
FT431,FT,Fietstrommel,HOGERBEETSSTR,13,51.92723083,4.4584198,Noord,A,07/06/2009,Conversie
FT432,FT,Fietstrommel,HOGERBEETSSTR,13,51.92723083,4.4584198,Noord,A,14/07/2010,STREPE
FT433,FT,Fietstrommel,NOORDERHAVENKD,111,51.93309021,4.46036005,Noord,A,07/06/2009,Conversie
FT434,FT,Fietstrommel,PROVENIERSPLN,3,51.92630005,4.469099998,Noord,A,22/02/2012,OOMEBE
FT435,FT,Fietstrommel,PAETSSTR,4,51.92758179,4.45855999,Noord,A,14/07/2010,BEHEER-STZ
FT436,FT,Fietstrommel,SCHIEWG,61,51.93188095,4.467060089,Noord,A,07/06/2009,Conversie
FT437,FT,Fietstrommel,UNGERPLN,15,51.92893982,4.471879959,Noord,A,07/06/2009,Conversie
FT438,FT,Fietstrommel,WALENBURGERWG,120,51.92658997,4.463469982,Noord,A,07/06/2009,Conversie
FT439,FT,Fietstrommel,DORDTSELN,64,51.8956604,4.494559765,Feijenoord,A,07/06/2009,Conversie
FT44,FT,Fietstrommel,W BUYTEWECHSTR,50,51.90729141,4.46036005,Delfshaven,A,06/07/2010,STREPE
FT440,FT,Fietstrommel,HENEGOUWERPLN,2,51.92134094,4.462870121,Delfshaven,A,07/06/2009,Conversie
FT441,FT,Fietstrommel,HENEGOUWERPLN,2,51.92134094,4.462870121,Delfshaven,A,07/06/2009,Conversie
FT442,FT,Fietstrommel,BREEWG,16,51.89070129,4.51857996,Feijenoord,A,07/06/2009,Conversie
FT443,FT,Fietstrommel,BAKKERSTR, 29/31,51.88560104,4.463270187,Charlois,A,14/07/2010,BEHEER-STZ
FT444,FT,Fietstrommel,BENTINCKLN,29,51.89179993,4.489699841,Noord,A,14/07/2010,STREPE
FT445,FT,Fietstrommel,RIEKEROORD,21,51.8830719,4.552020073,IJsselmonde,A,07/06/2009,Conversie
FT446,FT,Fietstrommel,SPOORSNGL,48,51.92781067,4.467979908,Noord,A,07/06/2009,Conversie
FT447,FT,Fietstrommel,STADHOUDERSWG,117,51.9307518,4.459730148,Noord,A,07/06/2009,Conversie
FT448,FT,Fietstrommel,BERGSELN,328,51.93291092,4.464039803,Noord,A,07/06/2009,Conversie
FT449,FT,Fietstrommel,PROVENIERSSTR,32,51.92726898,4.473010063,Noord,A,07/06/2009,Conversie
FT45,FT,Fietstrommel,ROCHUSSENSTR,201,51.91125107,4.461850166,Delfshaven,A,07/06/2009,Conversie
FT450,FT,Fietstrommel,A VD DOESLN,119,51.95858002,4.492569923,Hillegersberg,A,14/07/2010,STREPE
FT451,FT,Fietstrommel,WEVERSHOEKSTR,65,51.88991165,4.491020203,Charlois,A,14/07/2010,BEHEER-STZ
FT452,FT,Fietstrommel,ROCHUSSENSTR,331,51.9090004,4.454090118,Delfshaven,A,07/06/2009,Conversie
FT453,FT,Fietstrommel,HOOIDRIFT,13,51.91513062,4.452539921,Delfshaven,A,14/07/2010,BEHEER-STZ
FT454,FT,Fietstrommel,GR FLORISSTR,110,51.91889191,4.456659794,Delfshaven,A,07/06/2009,Conversie
FT455,FT,Fietstrommel,ADAMSHOFSTR,naast 149,51.92213821,4.508840084,Kralingen/Crooswijk,A,07/06/2009,Conversie
FT456,FT,Fietstrommel,SAENREDAMPLN,3,51.93843842,4.421999931,Overschie,A,07/06/2009,Conversie
FT457,FT,Fietstrommel,NOORDSNGL,30,51.92937088,4.48100996,Noord,A,07/06/2009,Conversie
FT458,FT,Fietstrommel,STADHOUDERSWG,117,51.9307518,4.459730148,Noord,A,07/06/2009,Conversie
FT459,FT,Fietstrommel,MEYERSPLN ,19,51.95621872,4.466499805,Hillegersberg,A,07/06/2009,Conversie
FT46,FT,Fietstrommel,GR FLORISSTR,64,,,Delfshaven,A,06/07/2010,STREPE
FT460,FT,Fietstrommel,MATHENESSERLN,424,51.91419983,4.449440002,Delfshaven,A,01/02/2012,OOMEBE
FT461,FT,Fietstrommel,MATHENESSERLN,424,51.91419983,4.449440002,Delfshaven,A,01/03/2011,OOMEBE
FT462,FT,Fietstrommel,S GRAVENDYKWAL,82-84,51.91603088,4.463029861,Centrum,A,07/06/2009,Conversie
FT463,FT,Fietstrommel,S GRAVENDYKWAL,82-84,51.91603088,4.463029861,Centrum,A,07/06/2009,Conversie
FT464,FT,Fietstrommel,S GRAVENDYKWAL,82-84,51.91603088,4.463029861,Centrum,A,07/06/2009,Conversie
FT465,FT,Fietstrommel,1E ST JANSHOF,15,51.92351913,4.495669842,Centrum,A,07/06/2009,Conversie
FT466,FT,Fietstrommel,WOLPHAERTSBOCHT,347,51.89228821,4.480390072,Charlois,A,14/07/2010,STREPE
FT467,FT,Fietstrommel,B JUNGERIUSSTR,13,51.8906517,4.486660004,Charlois,A,14/07/2010,BEHEER-STZ
FT468,FT,Fietstrommel,STATENWG,56,51.93247986,4.457019806,Noord,A,14/07/2010,STREPE
FT469,FT,Fietstrommel,BISSCHOPSTR,33,51.93294144,4.456749916,Noord,A,14/07/2010,BEHEER-STZ
FT47,FT,Fietstrommel,MAASKD,104,51.91341019,4.493060112,Feijenoord,A,07/06/2009,Conversie
FT470,FT,Fietstrommel,W G WITTEVEENPLN,19,51.90724945,4.499690056,Feijenoord,A,14/07/2010,STREPE
FT471,FT,Fietstrommel,W G WITTEVEENPLN,19,51.90724945,4.499690056,Feijenoord,A,14/07/2010,BEHEER-STZ
FT472,FT,Fietstrommel,SCHIEDAMSESNGL,181,51.91371918,4.478829861,Centrum,A,07/06/2009,Conversie
FT473,FT,Fietstrommel,KORTENAERSTR,38,51.9134407,4.476359844,Centrum,A,07/06/2009,Conversie
FT474,FT,Fietstrommel,KORTENAERSTR,38,51.9134407,4.476359844,Centrum,A,07/06/2009,Conversie
FT475,FT,Fietstrommel,HARINGVLIET,2,51.92065811,4.498030186,Centrum,A,07/06/2009,Conversie
FT476,FT,Fietstrommel,HENEGOUWERLN,124,51.91928864,4.463399887,Centrum,A,07/06/2009,Conversie
FT477,FT,Fietstrommel,AKELEISTR,24,51.92131042,4.463419914,Centrum,A,07/06/2009,Conversie
FT478,FT,Fietstrommel,CLEYBURCHSTR,16,51.93426132,4.45720005,Noord,A,07/06/2009,Conversie
FT479,FT,Fietstrommel,1E PYNACKERSTR,113,51.93381882,4.481239796,Noord,A,14/07/2010,BEHEER-STZ
FT48,FT,Fietstrommel,2E PIOENSTR,41-45,51.89432907,4.503119946,Feijenoord,A,06/07/2010,STREPE
FT480,FT,Fietstrommel,TOLLENSSTR,108,51.93019104,4.480949879,Noord,A,14/07/2010,STREPE
FT481,FT,Fietstrommel,TOLLENSSTR,96,51.93050003,4.481239796,Noord,A,07/06/2009,Conversie
FT482,FT,Fietstrommel,SCHIEWG,7,51.93128967,4.468739986,Noord,A,14/07/2010,STREPE
FT483,FT,Fietstrommel,CARNISSELN,55,51.88901901,4.478559971,Charlois,A,07/06/2009,Conversie
FT484,FT,Fietstrommel,BURG MEINESZLN,79,51.91881943,4.451019764,Delfshaven,A,14/07/2010,STREPE
FT485,FT,Fietstrommel,BARONIESTR,54,51.94332886,4.476739883,Hillegersberg,A,14/07/2010,STREPE
FT486,FT,Fietstrommel,DORDTSELN,214,51.89067841,4.494080067,Feijenoord,A,14/07/2010,STREPE
FT487,FT,Fietstrommel,DORDTSELN,234,51.89027023,4.494100094,Feijenoord,A,14/07/2010,STREPE
FT488,FT,Fietstrommel,DORDTSELN,84,51.89505005,4.494249821,Feijenoord,A,14/07/2010,STREPE
FT489,FT,Fietstrommel,NARCISSENSTR,53,51.8919487,4.49492979,Feijenoord,A,14/07/2010,BEHEER-STZ
FT49,FT,Fietstrommel,DR ZAMENHOFSTR,57,51.92358017,4.501510143,Kralingen/Crooswijk,A,06/07/2010,STREPE
FT490,FT,Fietstrommel,DAHLIASTR,17,51.89524078,4.504159927,Feijenoord,A,14/07/2010,STREPE
FT491,FT,Fietstrommel,PIMPERNELSTR,37,51.89458084,4.49559021,Feijenoord,A,14/07/2010,BEHEER-STZ
FT492,FT,Fietstrommel,STRUITENWG,42,51.88613129,4.462940216,Charlois,A,14/07/2010,STREPE
FT493,FT,Fietstrommel,SCHERE,218,51.8748703,4.484779835,Charlois,A,14/07/2010,BEHEER-STZ
FT494,FT,Fietstrommel,KATEND LAGEDK,118,51.89289856,4.482870102,Charlois,A,17/05/2011,STREPE
FT495,FT,Fietstrommel,K DE STOUTEPLN,1,51.89397049,4.471169949,Charlois,A,14/07/2010,BEHEER-STZ
FT496,FT,Fietstrommel,PR MAURITSSNGL,21,51.93785858,4.42414999,Overschie,A,14/07/2010,STREPE
FT497,FT,Fietstrommel,PR MAURITSSNGL,21,51.93785858,4.42414999,Overschie,A,14/07/2010,BEHEER-STZ
FT498,FT,Fietstrommel,BEUKELSDK,20,51.92171097,4.458930016,Delfshaven,A,14/07/2010,STREPE
FT499,FT,Fietstrommel,BEUKELSWG,61,51.92002869,4.444419861,Delfshaven,A,14/07/2010,BEHEER-STZ
FT5,FT,Fietstrommel,ESSENBURGSNGL,22B,51.92282867,4.459889889,Delfshaven,A,06/07/2010,STREPE
FT50,FT,Fietstrommel,DR ZAMENHOFSTR,59,51.92350006,4.501460075,Kralingen/Crooswijk,A,07/06/2009,Conversie
FT500,FT,Fietstrommel,BEUKELSWG,8,51.91984177,4.447000027,Delfshaven,A,14/07/2010,STREPE
FT501,FT,Fietstrommel,ESSENBURGSTR,45,51.92210007,4.452010155,Delfshaven,A,14/07/2010,BEHEER-STZ
FT502,FT,Fietstrommel,HEEMRAADSSNGL,197,51.91624832,4.454319954,Delfshaven,A,14/07/2010,STREPE
FT503,FT,Fietstrommel,HEEMRAADSSNGL,253,51.91432953,4.454440117,Delfshaven,A,14/07/2010,BEHEER-STZ
FT504,FT,Fietstrommel,MATHENESSERLN,256,51.91437912,4.444600105,Delfshaven,A,14/07/2010,STREPE
FT505,FT,Fietstrommel,V CITTERSSTR,28,51.91875076,4.446770191,Delfshaven,A,14/07/2010,BEHEER-STZ
FT506,FT,Fietstrommel,J V AVENNESSTR,9,51.92079163,4.459420204,Delfshaven,A,14/07/2010,STREPE
FT507,FT,Fietstrommel,S MULLERPLN,3,51.91360855,4.447329998,Delfshaven,A,14/07/2010,BEHEER-STZ
FT508,FT,Fietstrommel,BEUKELSDK,106,51.92071152,4.452630043,Delfshaven,A,14/07/2010,STREPE
FT509,FT,Fietstrommel,BURG MEINESZLN,13,51.91757965,4.453700066,Delfshaven,A,14/07/2010,BEHEER-STZ
FT51,FT,Fietstrommel,MOLENVYVER,25,51.95586014,4.474780083,Hillegersberg,A,07/06/2009,Conversie
FT510,FT,Fietstrommel,ESSENBURGSNGL,103,51.92153168,4.447309971,Delfshaven,A,14/07/2010,STREPE
FT511,FT,Fietstrommel,MATHENESSERLN,452,51.91455841,4.444469929,Delfshaven,A,14/07/2010,BEHEER-STZ
FT512,FT,Fietstrommel,PUPILLENSTR,28,51.91218948,4.450019836,Delfshaven,A,14/07/2010,STREPE
FT513,FT,Fietstrommel,BERGSELN,57,51.93822861,4.474140167,Noord,A,14/07/2010,STREPE
FT514,FT,Fietstrommel,BERGSELN,238/244,51.93532944,4.470920086,Noord,A,14/07/2010,STREPE
FT515,FT,Fietstrommel,BERGSELN,238/244,51.93532944,4.470920086,Noord,A,14/07/2010,STREPE
FT516,FT,Fietstrommel,BESEMERSTR,10,51.93323898,4.459529877,Noord,A,14/07/2010,STREPE
FT517,FT,Fietstrommel,A KUYPERLN,73/75,51.93434906,4.462979794,Noord,A,14/07/2010,STREPE
FT518,FT,Fietstrommel,BERKELSELN,74,51.93746948,4.470290184,Noord,A,14/07/2010,STREPE
FT519,FT,Fietstrommel,DELFGAAUWSTR,48,51.93886185,4.471660137,Noord,A,14/07/2010,STREPE
FT52,FT,Fietstrommel,K VD BERGELN,34,51.95714951,4.491290092,Hillegersberg,A,07/06/2009,Conversie
FT520,FT,Fietstrommel,G V PRINSTERERSTR,23,51.93473816,4.461550236,Noord,A,14/07/2010,STREPE
FT521,FT,Fietstrommel,KL COOLSTR,36,51.92670822,4.46585989,Noord,A,14/07/2010,STREPE
FT522,FT,Fietstrommel,NOBELSTR,88,51.93246078,4.458849907,Noord,A,14/07/2010,STREPE
FT523,FT,Fietstrommel,NOBELSTR,101,51.93151855,4.459630013,Noord,A,14/07/2010,STREPE
FT524,FT,Fietstrommel,NOLENSSTR,67,51.93009949,4.462870121,Noord,A,14/07/2010,STREPE
FT525,FT,Fietstrommel,NOORDERHAVENKD,21,51.93489075,4.458799839,Noord,A,15/07/2010,STREPE
FT526,FT,Fietstrommel,NOORDERHAVENKD,47,51.93431854,4.459290028,Noord,A,14/07/2010,STREPE
FT527,FT,Fietstrommel,NOORDERHAVENKD,87,51.93344116,4.460050106,Noord,A,14/07/2010,STREPE
FT528,FT,Fietstrommel,NOORDSNGL,33,51.92982101,4.480899811,Noord,A,01/02/2013,STREPE
FT529,FT,Fietstrommel,UNGERPLN,12,51.92916107,4.471479893,Noord,A,14/07/2010,STREPE
FT53,FT,Fietstrommel,PRINSENHOF,27,51.923069,4.487130165,Centrum,A,07/06/2009,Conversie
FT530,FT,Fietstrommel,NOORDSNGL,134,51.93119812,4.476359844,Noord,A,14/07/2010,STREPE
FT531,FT,Fietstrommel,DE S LOHMANLN,79,51.93634033,4.466909885,Noord,A,14/07/2010,STREPE
FT532,FT,Fietstrommel,SCHEPENSTR,56,51.9299202,4.466239929,Noord,A,14/07/2010,STREPE
FT533,FT,Fietstrommel,SCHEPENSTR,78,51.92863846,4.464930058,Noord,A,14/07/2010,STREPE
FT534,FT,Fietstrommel,SCHEPENSTR,93,51.92803955,4.464129925,Noord,A,14/07/2010,STREPE
FT535,FT,Fietstrommel,SCHEPENSTR,94,51.92758942,4.463540077,Noord,A,14/07/2010,STREPE
FT536,FT,Fietstrommel,A KUYPERLN,56,51.9348793,4.464560032,Noord,A,14/07/2010,STREPE
FT537,FT,Fietstrommel,STATIONSSNGL,63,51.92538834,4.465270042,Noord,A,14/07/2010,STREPE
FT538,FT,Fietstrommel,STATIONSSNGL,63,51.92538834,4.465270042,Noord,A,14/07/2010,STREPE
FT539,FT,Fietstrommel,BESEMERSTR,10,51.93323898,4.459529877,Noord,A,14/07/2010,STREPE
FT54,FT,Fietstrommel,PRINSENHOF,13,51.92348099,4.487339973,Centrum,A,07/06/2009,Conversie
FT540,FT,Fietstrommel,HEEMRAADSSNGL,205,51.9159584,4.454339981,Delfshaven,A,14/07/2010,STREPE
FT541,FT,Fietstrommel,SPOORSNGL,69,51.92609024,4.468239784,Noord,A,14/07/2010,STREPE
FT542,FT,Fietstrommel,VIRULYPLN,11,51.91973114,4.45070982,West,A,14/07/2010,STREPE
FT543,FT,Fietstrommel,MATHENESSERLN,346,51.91172028,4.446780205,West,A,14/07/2010,STREPE
FT544,FT,Fietstrommel,SCHIETBAANLN,112,51.91567993,4.456099987,Centrum,A,15/07/2010,STREPE
FT545,FT,Fietstrommel,SCHIETBAANLN,,51.91567993,4.455850124,Centrum,A,15/07/2010,STREPE
FT546,FT,Fietstrommel,HEEMRAADSSNGL,239,51.91490173,4.454390049,Delfshaven,A,15/07/2010,STREPE
FT547,FT,Fietstrommel,PERSYNSTR,10,51.92065811,4.456530094,Delfshaven,A,15/07/2010,STREPE
FT548,FT,Fietstrommel,MATHENESSERDK,295,51.91519165,4.443930149,Delfshaven,A,15/07/2010,STREPE
FT549,FT,Fietstrommel,MATHENESSERDK,295,,,Delfshaven,A,15/07/2010,STREPE
FT55,FT,Fietstrommel,TOMMANDERSHOF,107e,51.91949081,4.473320007,Centrum,A,07/06/2009,Conversie
FT550,FT,Fietstrommel,MATHENESSERDK,305,,,Delfshaven,A,15/07/2010,STREPE
FT551,FT,Fietstrommel,MATHENESSERDK,309,,,Delfshaven,A,15/07/2010,STREPE
FT552,FT,Fietstrommel,STADHOUDERSWG,112,51.93054962,4.459660053,Noord,A,15/07/2010,STREPE
FT553,FT,Fietstrommel,MATHENESSERLN,209,,,Centrum,A,15/07/2010,STREPE
FT554,FT,Fietstrommel,2E JERICHOSTR,11,51.93080902,4.507559776,Noord,A,03/08/2011,OOMEBE
FT555,FT,Fietstrommel,NOORDSNGL,26-28,,,Noord,A,15/07/2010,STREPE
FT556,FT,Fietstrommel,BEUKELSWG,86,51.9200592,4.444069862,Delfshaven,A,15/07/2010,STREPE
FT557,FT,Fietstrommel,DELFGAAUWSTR,51,51.9388504,4.471630096,Noord,A,15/07/2010,STREPE
FT558,FT,Fietstrommel,SCHERMLN,2,51.91701126,4.46257019,Delfshaven,A,15/07/2010,STREPE
FT559,FT,Fietstrommel,ESSENBURGSNGL,15,51.92287827,4.460649967,Delfshaven,A,15/07/2010,STREPE
FT56,FT,Fietstrommel,GAFFELSTR,108,51.91923904,4.468249798,Centrum,A,06/07/2010,STREPE
FT560,FT,Fietstrommel,ESSENBURGSNGL,139,51.92090988,4.444739819,Delfshaven,A,15/07/2010,STREPE
FT561,FT,Fietstrommel,C DE VRIESELN,49,51.91622925,4.459219933,Delfshaven,A,15/07/2010,STREPE
FT562,FT,Fietstrommel,GR FLORISSTR,98,51.91918945,4.457029819,Delfshaven,A,15/07/2010,STREPE
FT563,FT,Fietstrommel,C DE VRIESELN,43,51.91638947,4.459209919,Delfshaven,A,15/07/2010,STREPE
FT564,FT,Fietstrommel,S GRAVENDYKWAL,161,51.91233063,4.46337986,Delfshaven,A,15/07/2010,STREPE
FT565,FT,Fietstrommel,SCHIETBAANLN,2,51.91559982,4.462619781,Delfshaven,A,15/07/2010,STREPE
FT566,FT,Fietstrommel,BURG MEINESZLN,71,51.91865158,4.451429844,Delfshaven,A,15/07/2010,STREPE
FT567,FT,Fietstrommel,BEUKELSWG,19,51.91986847,4.446529865,Delfshaven,A,15/07/2010,STREPE
FT568,FT,Fietstrommel,BEUKELSDK,165,51.92036819,4.451010227,Delfshaven,A,15/07/2010,STREPE
FT569,FT,Fietstrommel,ROCHUSSENSTR,285,51.90948105,4.456520081,Delfshaven,A,15/07/2010,STREPE
FT57,FT,Fietstrommel,SCHIELN,62/64,51.94414139,4.422820091,Overschie,A,06/07/2010,STREPE
FT570,FT,Fietstrommel,SCHIETBAANLN,6,,,Delfshaven,A,15/07/2010,STREPE
FT571,FT,Fietstrommel,MATHENESSERLN,454,51.91455841,4.444469929,Delfshaven,A,15/07/2010,STREPE
FT572,FT,Fietstrommel,HONDIUSSTR,17,51.91238022,4.459710121,Delfshaven,A,15/07/2010,STREPE
FT573,FT,Fietstrommel,S MULLERSTR,21,51.9133606,4.44727993,Delfshaven,A,15/07/2010,STREPE
FT574,FT,Fietstrommel,SCHERMLN,2,51.91701126,4.46257019,Delfshaven,A,15/07/2010,STREPE
FT575,FT,Fietstrommel,V OOSTERZEESTR,4,51.91917038,4.449210167,Delfshaven,A,15/07/2010,STREPE
FT576,FT,Fietstrommel,HEEMRAADSPLN,4,51.91313934,4.453410149,Delfshaven,A,15/07/2010,STREPE
FT577,FT,Fietstrommel,MATHENESSERLN,230,51.91469955,4.444369793,Delfshaven,A,15/07/2010,STREPE
FT578,FT,Fietstrommel,HEEMRAADSSNGL,326,51.91030884,4.457459927,Delfshaven,A,15/07/2010,STREPE
FT579,FT,Fietstrommel,BEUKELSWG,81,51.92166138,4.458650112,Delfshaven,A,13/01/2012,OOMEBE
FT58,FT,Fietstrommel,F BEKKERSTR,52,51.89123917,4.468540192,Charlois,A,07/06/2009,Conversie
FT580,FT,Fietstrommel,BEUKELSDK,174,51.91999817,4.449339867,Delfshaven,A,15/07/2010,STREPE
FT581,FT,Fietstrommel,HAVENSTR,148,51.90596008,4.452270031,Delfshaven,A,15/07/2010,STREPE
FT582,FT,Fietstrommel,ESSENBURGSNGL,98,51.92166138,4.447760105,Delfshaven,A,15/07/2010,STREPE
FT583,FT,Fietstrommel,SCHEPENSTR,25,51.93077087,4.46653986,Noord,A,15/07/2010,STREPE
FT584,FT,Fietstrommel,GORDELWG,84/86,51.93965912,4.473420143,Noord,A,15/07/2010,STREPE
FT585,FT,Fietstrommel,BERGPOLDERSTR,58/62,51.93346024,4.466720104,Noord,A,15/07/2010,STREPE
FT586,FT,Fietstrommel,NOORDERHAVENKD,136,51.93302917,4.462059975,Noord,A,15/07/2010,STREPE
FT587,FT,Fietstrommel,HERLAERSTR,30,51.93021011,4.475419998,Noord,A,15/07/2010,STREPE
FT588,FT,Fietstrommel,J CATSSTR,17,51.93426895,4.483210087,Noord,A,15/07/2010,STREPE
FT589,FT,Fietstrommel,BERGSELN,97,51.93767929,4.473400116,Noord,A,15/07/2010,STREPE
FT59,FT,Fietstrommel,ZWARTEWAALSTR,191,51.8931694,4.487480164,Charlois,A,07/06/2009,Conversie
FT590,FT,Fietstrommel,BANIERSTR,73,51.93095016,4.472169876,Noord,A,15/07/2010,STREPE
FT591,FT,Fietstrommel,VROESENLN,52,51.93030167,4.456570148,Noord,A,15/07/2010,STREPE
FT592,FT,Fietstrommel,DELFGAAUWSTR,50,51.9388504,4.471570015,Noord,A,15/07/2010,STREPE
FT593,FT,Fietstrommel,BERGWG,258/260,51.93378067,4.473639965,Noord,A,15/07/2010,STREPE
FT594,FT,Fietstrommel,MATHENESSERLN,244,51.91450119,4.461639881,Delfshaven,A,15/07/2010,STREPE
FT595,FT,Fietstrommel,W BUYTEWECHSTR,169,51.9070282,4.454710007,Delfshaven,A,15/07/2010,STREPE
FT596,FT,Fietstrommel,SCHOONDERLOOSTR,163,,,Delfshaven,A,15/07/2010,STREPE
FT597,FT,Fietstrommel,PARALLELSTR,40,51.94406891,4.424129963,Overschie,A,15/07/2010,STREPE
FT598,FT,Fietstrommel,BATAVIERENSTR,39,,,Centrum,A,15/07/2010,STREPE
FT599,FT,Fietstrommel,ZEEMANSSTR,11,,,Centrum,A,15/07/2010,STREPE
FT6,FT,Fietstrommel,NOBELSTR,88,51.93246078,4.458849907,Noord,A,07/06/2009,Conversie
FT60,FT,Fietstrommel,Bibliotheek,198,52.00255966,4.375520229,Hoogvliet,A,06/07/2010,STREPE
FT600,FT,Fietstrommel,MOERKERKESTR,90/92,,,Charlois,A,15/07/2010,STREPE
FT601,FT,Fietstrommel,PARALLELSTR,4,51.94301987,4.424520016,Overschie,A,15/07/2010,STREPE
FT603,FT,Fietstrommel,BEUKELSDK,32,51.92164993,4.458660126,Delfshaven,A,15/07/2010,STREPE
FT604,FT,Fietstrommel,BEUKELSDK,22,51.92168045,4.458889961,Delfshaven,A,15/07/2010,STREPE
FT605,FT,Fietstrommel,BEUKELSDK,24,51.92168045,4.458839893,Delfshaven,A,15/07/2010,STREPE
FT606,FT,Fietstrommel,BEUKELSDK,172,51.91997147,4.449299812,Delfshaven,A,15/07/2010,STREPE
FT607,FT,Fietstrommel,BALKENSTR,14,,,Delfshaven,A,15/07/2010,STREPE
FT608,FT,Fietstrommel,BURG MEINESZLN,13,,,Delfshaven,A,15/07/2010,STREPE
FT609,FT,Fietstrommel,BURG MEINESZLN,43,,,Delfshaven,A,15/07/2010,STREPE
FT61,FT,Fietstrommel,DOEZASTR,2,51.92893982,4.464159966,Noord,A,06/07/2010,STREPE
FT610,FT,Fietstrommel,BURG MEINESZLN,51,,,Delfshaven,A,15/07/2010,STREPE
FT611,FT,Fietstrommel,BURG MEINESZLN,72,,,Delfshaven,A,15/07/2010,STREPE
FT612,FT,Fietstrommel,A PIERSONSTR,22,,,Delfshaven,A,15/07/2010,STREPE
FT613,FT,Fietstrommel,BEATRYSSTR,38,,,Delfshaven,A,15/07/2010,STREPE
FT614,FT,Fietstrommel,A MILDERSSTR,73,,,Delfshaven,A,15/07/2010,STREPE
FT615,FT,Fietstrommel,ESSENBURGSNGL,149,,,Delfshaven,A,15/07/2010,STREPE
FT616,FT,Fietstrommel,C DE VRIESELN,83,,,Delfshaven,A,15/07/2010,STREPE
FT617,FT,Fietstrommel,VOLMARYNSTR,148,,,Delfshaven,A,15/07/2010,STREPE
FT618,FT,Fietstrommel,ROCHUSSENSTR,199,,,Delfshaven,A,15/07/2010,STREPE
FT619,FT,Fietstrommel,ROCHUSSENSTR,335,,,Delfshaven,A,15/07/2010,STREPE
FT62,FT,Fietstrommel,SCHIEKD,624,51.92861176,4.473609924,Noord,A,07/06/2009,Conversie
FT620,FT,Fietstrommel,WATERGEUSSTR,191,,,Delfshaven,A,15/07/2010,STREPE
FT621,FT,Fietstrommel,CORVERSTR,62,,,Delfshaven,A,15/07/2010,STREPE
FT622,FT,Fietstrommel,MAURITSSTR,128,,,Centrum,A,15/07/2010,STREPE
FT623,FT,Fietstrommel,STATENSNGL,van Goenstraat,,,Noord,A,15/07/2010,STREPE
FT624,FT,Fietstrommel,SCHIETBAANLN,34,,,Centrum,A,15/07/2010,STREPE
FT625,FT,Fietstrommel,STATENWG,159,,,Noord,A,15/07/2010,STREPE
FT626,FT,Fietstrommel,STADHOUDERSPLN,14,,,Noord,A,15/07/2010,STREPE
FT627,FT,Fietstrommels,G SCHOLTENSTR,11,,,Noord,A,15/07/2010,STREPE
FT628,FT,Fietstrommel,T V POORTVLIETSTR,9,,,Noord,A,15/07/2010,STREPE
FT629,FT,Fietstrommel,HOOIDRIFT,13-15,,,Delfshaven,A,15/07/2010,STREPE
FT63,FT,Fietstrommel,UNGERPLN,8,51.92893982,4.47179985,Noord,A,07/06/2009,Conversie
FT630,FT,Fietstrommel,BERGWG,127,,,Noord,A,15/07/2010,STREPE
FT631,FT,Fietstrommel,BERGWG,301,,,Noord,A,15/07/2010,STREPE
FT632,FT,Fietstrommel,G SCHOLTENSTR,40,,,Noord,A,15/07/2010,STREPE
FT633,FT,Fietstrommel,1E PYNACKERSTR,134,,,Noord,A,15/07/2010,STREPE
FT634,FT,Fietstrommel,SCHIETBAANLN,86,,,Delfshaven,A,11/01/2011,OOMEBE
FT635,FT,Fietstrommel,SCHIEKD,109,,,Noord,A,15/07/2010,STREPE
FT636,FT,Fietstrommel,OOSTERVANTSTR,3,,,Delfshaven,A,15/07/2010,STREPE
FT637,FT,Fietstrommel,BEUKELSDK,80,,,Delfshaven,A,15/07/2010,STREPE
FT638,FT,Fietstrommel,V OOSTERZEESTR,26,,,Delfshaven,A,15/07/2010,STREPE
FT639,FT,Fietstrommels,PROVENIERSSNGL,22,,,Noord,A,15/07/2010,STREPE
FT64,FT,Fietstrommel,UNGERPLN,8,51.92893982,4.471809864,Noord,A,07/06/2009,Conversie
FT640,FT,Fietstrommel,STADHOUDERSPLN,11,,,Noord,A,15/07/2010,STREPE
FT641,FT,Fietstrommel,DUYVESTEYNHOF,,,,Overschie,A,29/02/2012,STREPE
FT642,FT,Fietstrommel,VLIETLN,32A,,,Kralingen/Crooswijk,A,15/07/2010,STREPE
FT643,FT,Fietstrommel,VLIETLN,32A,,,Kralingen/Crooswijk,A,15/07/2010,STREPE
FT644,FT,Fietstrommel,TABORSTR,12,,,Kralingen/Crooswijk,A,15/07/2010,STREPE
FT645,FT,Fietstrommel,HOOIDRIFT,9,,,Delfshaven,A,15/07/2010,STREPE
FT646,FT,Fietstrommel,KRALINGSE PLASLN,97B,,,Kralingen/Crooswijk,A,15/07/2010,STREPE
FT647,FT,Fietstrommel,PALESTINASTR,59,,,Kralingen/Crooswijk,A,15/07/2010,STREPE
FT648,FT,Fietstrommel,C DE VRIESELN,96,,,Delfshaven,A,15/07/2010,STREPE
FT649,FT,Fietstrommel,GR FLORISSTR,28,,,Delfshaven,A,15/07/2010,STREPE
FT65,FT,Fietstrommel,CROOSWYKSESNGL,13b,51.92977142,4.489990234,Kralingen/Crooswijk,A,07/06/2009,Conversie
FT650,FT,Fietstrommel,WERKHOEFSTR,7,,,Delfshaven,A,15/07/2010,STREPE
FT651,FT,Fietstrommel,C P TIELESTR,53,,,Delfshaven,A,15/07/2010,STREPE
FT652,FT,Fietstrommel,HONDIUSSTR,32,,,Delfshaven,A,15/07/2010,STREPE
FT654,FT,Fietstrommel,S MULLERSTR,1,,,Delfshaven,A,16/09/2010,STREPE
FT655,FT,Fietstrommel,BLOKMAKERSSTR,25,,,Charlois,A,27/04/2011,OOMEBE
FT656,FT,Fietsentrommel,ESSENBURGSNGL,63,,,Delfshaven,A,27/04/2011,OOMEBE
FT657,FT,Fietstrommel,GORDELWG,61,,,Noord,A,16/09/2010,STREPE
FT658,FT,Fietstrommel,BERGSNGL,172,,,Noord,A,16/09/2010,STREPE
FT659,FT,Fietstrommel,PARADYSLN,115,,,Kralingen/Crooswijk,A,16/09/2010,STREPE
FT66,FT,Fietstrommel,CROOSWYKSESNGL,16,51.92974091,4.489659786,Kralingen/Crooswijk,A,10/08/2011,OOMEBE
FT660,FT,Fietstrommel,PR MARGRIETLN,5,,,Hillegersberg,A,24/08/2010,STREPE
FT661,FT,Fietstrommel,BARONIESTR,56,,,Hillegersberg,A,16/09/2010,STREPE
FT662,FT,Fietstrommel,ADRIANASTR,71,,,Centrum,A,16/09/2010,STREPE
FT663,FT,Fietstrommel,ROCHUSSENSTR,61,,,Centrum,A,16/09/2010,STREPE
FT664,FT,Fietstrommel,WALRAVENSTR,9,,,Charlois,A,12/10/2010,BRUIPE
FT665,FT,Fietstrommel,V DIESTSTR,38-42,,,Charlois,A,16/09/2010,STREPE
FT666,FT,Fietstrommel,BOERGOENSESTR,78,,,Charlois,A,16/09/2010,STREPE
FT667,FT,Fietstrommel,BOERGOENSESTR,78,,,Charlois,A,16/09/2010,STREPE
FT668,FT,Fietstrommel,Dorpsweg,2,,,Charlois,A,16/12/2010,BRUIPE
ft669,FT,Fietstrommel,PLEINWG,71,51.89057159,4.484360218,Charlois,A,14/06/2012,BRUIPE
FT67,FT,Fietstrommel,CROOSWYKSESNGL,29b,51.92987061,4.488239765,Kralingen/Crooswijk,A,06/07/2010,BEHEER-STZ
ft670,FT,Fietstrommel,BEATRYSSTR,69,51.91978836,4.456860065,Delfshaven,A,14/06/2012,BRUIPE
ft671,FT,Fietstrommel,BILDERDYKSTR,210,51.91736984,4.432690144,Delfshaven,A,14/06/2012,BRUIPE
ft672,FT,Fietstrommel,TIDEMANSTR,to 13,51.91886139,4.448120117,Delfshaven,A,14/06/2012,BRUIPE
ft673,FT,Fietstrommel,V CITTERSSTR,34,,,Delfshaven,A,18/11/2011,OOMEBE
ft674,FT,Fietstrommel,ESSENBURGSNGL,to 127,51.92097092,4.445320129,Delfshaven,A,14/06/2012,BRUIPE
ft675,FT,Fietstrommel,ESSENBURGSNGL,2,52.18957901,5.295239925,Delfshaven,A,14/06/2012,BRUIPE
ft676,FT,Fietstrommel,GR FLORISSTR,110,51.91899109,4.456560135,Delfshaven,A,14/06/2012,BRUIPE
ft677,FT,Fietstrommel,MATHENESSERLN,396,51.9137001,4.450880051,Delfshaven,A,14/06/2012,BRUIPE
ft678,FT,Fietstrommel,MATHENESSERLN,to 450,51.91487885,4.448289871,Charlois,A,14/06/2012,BRUIPE
ft679,FT,Fietstrommel,ROCHUSSENSTR,375,51.90943909,4.450789928,Delfshaven,A,14/06/2012,BRUIPE
FT68,FT,Fietstrommel,CROOSWYKSESNGL,31,51.92990875,4.488029957,Kralingen/Crooswijk,A,07/06/2009,Conversie
ft680,FT,Fietstrommel,SCHIETBAANLN,74,51.91566849,4.45909977,Delfshaven,A,14/06/2012,BRUIPE
ft681,FT,Fietstrommel,SCHIETBAANLN,126,51.91569138,4.456110001,Delfshaven,A,14/06/2012,BRUIPE
ft682,FT,Fietstrommel,W BUYTEWECHSTR,50,51.90727997,4.460289955,Delfshaven,A,14/06/2012,BRUIPE
ft683,FT,Fietstrommel,DONKERSLOOTSTR,to 111,51.89208984,4.516699791,Feijenoord,A,14/06/2012,BRUIPE
ft684,FT,Fietstrommel,W VARKENOORDSEWG,Breeweg,51.89062119,4.519509792,Feijenoord,A,14/06/2012,BRUIPE
ft685,FT,Fietstrommel,BERGWG,243,51.93476868,4.475160122,Noord,A,14/06/2012,BRUIPE
ft686,FT,Fietstrommel,LISPLN,hoek gordelweg,51.9392395,4.474050045,Noord,A,14/06/2012,BRUIPE
ft687,FT,Fietstrommel,MOLENWATERWG,8,51.92694855,4.472899914,Noord,A,14/06/2012,BRUIPE
ft688,FT,Fietstrommel,BERGSELN,to 126,51.93798065,4.474020004,Noord,A,14/06/2012,BRUIPE
FT689,FT,Fietstrommel,L HILLEWG,110,51.89292908,4.502019882,Feijenoord,A,13/06/2012,BRUIPE
FT69,FT,Fietstrommel,HG BOEZEM,23,51.92462921,4.497749805,Kralingen/Crooswijk,A,07/06/2009,Conversie
FT690,FT,Fietstrommel,HEEMRAADSSNGL,246,51.91315842,4.456110001,Delfshaven,A,13/06/2012,BRUIPE
FT691,FT,Fietstrommel,VAANDRIGSTR,25,51.934021,4.496650219,Kralingen/Crooswijk,A,13/06/2012,BRUIPE
FT692,FT,Fietstrommel,GORDELWG,60,51.94013977,4.477079868,Noord,A,13/06/2012,BRUIPE
FT693,FT,Fietstrommel,VD HOONAARDSTR,12,51.93572998,4.475240231,Noord,A,13/06/2012,BRUIPE
FT694,FT,Fietstrommel,BERGWG,203,51.93568039,4.476359844,Noord,A,13/06/2012,BRUIPE
FT695,FT,Fietstrommel,KOOTSEKD,32,51.94454956,4.484399796,Hillegersberg,A,13/06/2012,BRUIPE
FT696,FT,Fietstrommel,BEGONIASTR,2,51.94509125,4.473060131,Hillegersberg,A,13/06/2012,BRUIPE
FT697,FT,Fietstrommel,COOLHAVEN,126,51.90758133,4.456449986,Delfshaven,A,13/06/2012,BRUIPE
FT698,FT,Fietstrommel,W BUYTEWECHSTR,126,51.90679169,4.456369877,Delfshaven,A,13/06/2012,BRUIPE
FT699,FT,,BOSPOLDERSTR,11B,51.90951157,4.442170143,Delfshaven,A,13/06/2012,BRUIPE
FT7,FT,Fietstrommel,NOBELSTR,88,51.93246078,4.458859921,Noord,A,07/06/2009,Conversie
FT70,FT,Fietstrommel,C DE VRIESELN,3,51.91770935,4.459179878,Delfshaven,A,07/06/2009,Conversie
FT700,FT,Fietstrommel,MATHENESSERDK,114,51.91677856,4.441870213,Delfshaven,A,13/06/2012,BRUIPE
FT701,FT,Fietstrommel,SCHIEDAMSEWG BEN,467,51.91024017,4.443210125,Delfshaven,A,13/06/2012,BRUIPE
FT702,FT,Fietstrommel,MATHENESSERLN,466,51.91524887,4.447770119,Delfshaven,A,13/06/2012,BRUIPE
FT703,FT,Fietstrommel,ROCHUSSENSTR,373,51.90940094,4.450950146,Delfshaven,A,14/06/2012,BRUIPE
FT704,FT,Fietstrommel,MATHENESSERLN,398,51.91371155,4.450789928,Delfshaven,A,14/06/2012,BRUIPE
FT705,FT,Fietstrommel,SOETENDAALSEWG,95,51.93931961,4.480529785,Noord,A,14/06/2012,BRUIPE
FT71,FT,Fietstrommel,C DE VRIESELN,3,51.91770935,4.459189892,Delfshaven,A,06/07/2010,BEHEER-STZ
FT72,FT,Fietstrommel,C DE VRIESELN,42,51.91625977,4.459459782,Delfshaven,A,07/06/2009,Conversie
FT73,FT,Fietstrommel,C DE VRIESELN,42,51.91625977,4.459469795,Delfshaven,A,06/07/2010,BEHEER-STZ
FT74,FT,Fietstrommel,C DE VRIESELN,101,51.91408157,4.459640026,Delfshaven,A,07/06/2009,Conversie
FT75,FT,Fietstrommel,HEEMRAADSSNGL,26,51.92103958,4.456019878,Delfshaven,A,06/07/2010,STREPE
FT76,FT,Fietstrommel,HEEMRAADSSNGL,26,51.92103958,4.456029892,Delfshaven,A,07/06/2009,Conversie
FT77,FT,Fietstrommel,HEEMRAADSSNGL,26,51.92103958,4.456039906,Delfshaven,A,06/07/2010,BEHEER-STZ
FT78,FT,Fietstrommel,MATHENESSERLN,228,51.91458893,4.462319851,Delfshaven,A,07/06/2009,Conversie
FT79,FT,Fietstrommel,MATHENESSERLN,301,51.9142189,4.45773983,Delfshaven,A,06/07/2010,STREPE
FT8,FT,Fietstrommel,BERGSNGL,80,51.93788147,4.469669819,Noord,A,07/06/2009,Conversie
FT80,FT,Fietstrommel,MATHENESSERLN,320,51.91397095,4.457660198,Delfshaven,A,07/06/2009,Conversie
FT81,FT,Fietstrommel,BOSPOLDERPLN,32,51.90850067,4.441860199,Delfshaven,A,06/07/2010,BEHEER-STZ
FT82,FT,Fietstrommel,PINKSTR,10,51.91765976,4.41782999,Delfshaven,A,06/07/2010,STREPE
FT83,FT,Fietstrommel,MATHENESSERDK,87,51.91539001,4.435359955,Delfshaven,A,07/06/2009,Conversie
FT84,FT,Fietstrommel,MATHENESSERWG,132,51.91424942,4.437029839,Delfshaven,A,06/07/2010,BEHEER-STZ
FT85,FT,Fietstrommel,D DANESTR,1,51.91403961,4.434209824,Delfshaven,A,07/06/2009,Conversie
FT86,FT,Fietstrommel,ESSENBURGSNGL,118,51.92110825,4.445859909,Delfshaven,A,07/06/2009,Conversie
FT87,FT,Fietstrommel,HEEMRAADSSNGL,213,51.91571045,4.454349995,Delfshaven,A,07/06/2009,Conversie
FT88,FT,Fietstrommel,HEEMRAADSSNGL,213,51.91571045,4.454360008,Delfshaven,A,07/06/2009,Conversie
FT89,FT,Fietstrommel,C P TIELESTR,13,51.91437912,4.453460217,Delfshaven,A,06/07/2010,BEHEER-STZ
FT9,FT,Fietstrommel,BERGSNGL,76,51.93801117,4.469629765,Noord,A,07/06/2009,Conversie
FT90,FT,Fietstrommel,ROCHUSSENSTR,317,51.90896988,4.454319954,Delfshaven,A,07/06/2009,Conversie
FT91,FT,Fietstrommel,VIRULYPLN,16,51.9197998,4.450809956,Delfshaven,A,06/07/2010,STREPE
FT92,FT,Fietstrommel,VD TAKSTR,26,51.91445923,4.495490074,Feijenoord,A,07/06/2009,Conversie
FT93,FT,Fietstrommel,PR HENDRIKKD,89,51.91307831,4.494679928,Feijenoord,A,06/07/2010,BEHEER-STZ
FT94,FT,Fietstrommel,PR HENDRIKKD,115,51.91167831,4.493810177,Feijenoord,A,07/06/2009,Conversie
FT95,FT,Fietstrommel,PR HENDRIKKD,154,51.91025925,4.490779877,Feijenoord,A,07/06/2009,Conversie
FT96,FT,Fietstrommel,PR HENDRIKLN,13,51.91558075,4.500919819,Feijenoord,A,07/06/2009,Conversie
FT97,FT,Fietstrommel,DIAMANTWG,1,51.94643021,4.466479778,Hillegersberg,A,07/07/2010,STREPE
FT98,FT,Fietstrommel,RANDWG,91,51.89134979,4.512839794,Feijenoord,A,07/06/2009,Conversie
FT99,FT,Fietstrommel,BERGWG,265,51.93434143,4.474520206,Noord,A,07/06/2009,Conversie
